{
  "schemaVersion": 1,
  "id": "64tps",
  "version": "0.1.0",
  "name": "64TPS",
  "description": "Increase the game's TPS detection to 64, making it simpler",
  "authors": [
    "Drexis"
  ],
  "contact": {
    "homepage": "https://example.com/",
    "sources": "https://github.com/Drexis/64TPS"
  },
  "license": "MIT",
  "icon": "icon.png",
  "environment": "*",
  "entrypoints": {
    "main": [
      "com.drixel.64tps.64TPS"
    ],
    "client": [
      "com.drixel.64tps.client"
    ],
    "server": [
      "com.drixel.64tps.server"
    ]
  },
  "mixins": [
    "64tps.mixins.json"
  ],
  "depends": {
    "fabricloader": ">=0.14.0",
    "fabric": "*",
    "minecraft": ">=1.19",
    "java": ">=17"
  }
}